snapshot,redshift,subhalo,is_central,group,subhalo_nbh,subhalo_mass_Msun
18,7.005417045544533,0,True,0,60,66022657429.05751
19,6.0107573988449,0,True,0,70,140413183737.0758
19,6.0107573988449,162,True,2,67,95557751005.57019
19,6.0107573988449,354,True,7,52,65884634515.69726
20,4.995933468164624,0,True,0,105,244714294397.53693
20,4.995933468164624,1,False,0,56,114166027086.55681
20,4.995933468164624,165,True,1,103,335992405499.4415
20,4.995933468164624,382,True,3,67,143812467174.78638
20,4.995933468164624,433,True,4,76,142143501909.35202
20,4.995933468164624,532,True,6,55,109155553779.15697
20,4.995933468164624,570,True,7,60,110139059467.62271
20,4.995933468164624,602,True,8,51,103086566770.11723
20,4.995933468164624,788,True,12,54,86190594543.71844
21,4.0079451114652676,0,True,0,151,582241226802.494
21,4.0079451114652676,240,True,1,164,600159599587.0198
21,4.0079451114652676,462,True,2,83,296162847683.1484
21,4.0079451114652676,569,True,3,89,311270254504.4324
21,4.0079451114652676,803,True,5,83,172157284780.71838
21,4.0079451114652676,856,True,6,65,178377745581.4549
21,4.0079451114652676,1022,True,9,57,151539722127.6933
21,4.0079451114652676,1192,True,12,61,127598581242.25499
21,4.0079451114652676,1854,True,26,58,100095866085.98264
22,3.008131071630377,0,True,0,257,1069154459094.5646
22,3.008131071630377,336,True,1,269,1193474716211.3125
22,3.008131071630377,636,True,2,199,827093635663.8721
22,3.008131071630377,827,True,3,74,609944965687.6234
22,3.008131071630377,1025,True,4,103,519322384197.8024
22,3.008131071630377,1250,True,5,75,355443586857.38116
22,3.008131071630377,1472,True,6,114,480831238072.40894
22,3.008131071630377,1804,True,8,84,318011891065.4699
22,3.008131071630377,1908,True,9,73,335355636693.58234
22,3.008131071630377,2113,True,11,63,336485623151.3676
22,3.008131071630377,2198,True,12,66,287761837530.129
22,3.008131071630377,2536,True,16,55,219653026336.8637
22,3.008131071630377,2745,True,19,63,198026394284.18875
23,2.0020281392528516,0,True,0,350,1869441888617.9338
23,2.0020281392528516,391,True,1,363,1772277588647.8179
23,2.0020281392528516,757,True,2,271,1318139203135.9612
23,2.0020281392528516,1015,True,3,148,1220511009837.1616
23,2.0020281392528516,1299,True,4,212,1187600048618.9954
23,2.0020281392528516,1569,True,5,117,886980889731.2239
23,2.0020281392528516,1802,True,6,144,1020605548976.3905
23,2.0020281392528516,2047,True,7,105,873343755462.6058
23,2.0020281392528516,2256,True,8,140,756329001360.6395
23,2.0020281392528516,2473,True,9,86,396756206124.2771
23,2.0020281392528516,2661,True,10,88,671080010554.5479
23,2.0020281392528516,2838,True,11,57,632487792698.324
23,2.0020281392528516,3009,True,12,64,575607676147.5872
23,2.0020281392528516,3156,True,13,128,525500266982.6108
23,2.0020281392528516,3254,True,14,67,506857603132.5575
23,2.0020281392528516,3356,True,15,60,452124781982.53
23,2.0020281392528516,3763,True,19,76,351899315627.423
23,2.0020281392528516,3856,True,20,65,351994584466.2381
23,2.0020281392528516,4115,True,23,51,296340849987.2503
23,2.0020281392528516,4361,True,26,71,233340696470.89694
24,1.4955121664955557,0,True,0,158,1399299014250.226
24,1.4955121664955557,1,False,0,156,536198997018.67914
24,1.4955121664955557,509,True,1,231,1636518535577.3933
24,1.4955121664955557,510,False,1,62,247112747978.87186
24,1.4955121664955557,1004,True,2,394,1957518521659.4668
24,1.4955121664955557,1411,True,3,385,1746623284741.741
24,1.4955121664955557,1782,True,4,171,1332032228040.8289
24,1.4955121664955557,2098,True,5,308,1531909181490.34
24,1.4955121664955557,2399,True,6,90,1175992574425.5718
24,1.4955121664955557,2738,True,7,166,1298852756304.7485
24,1.4955121664955557,2910,True,8,127,988494936146.2833
24,1.4955121664955557,3164,True,9,64,648701749054.3021
24,1.4955121664955557,3384,True,10,89,907851526082.6272
24,1.4955121664955557,3543,True,11,116,874447206365.6414
24,1.4955121664955557,3744,True,12,71,648400843750.8654
24,1.4955121664955557,3961,True,13,58,527739112864.14484
24,1.4955121664955557,4094,True,14,104,665336443250.7719
24,1.4955121664955557,4223,True,15,74,542851195802.2956
24,1.4955121664955557,4455,True,17,89,517116834521.9098
24,1.4955121664955557,4551,True,18,55,515040356939.2907
24,1.4955121664955557,4687,True,19,128,536290772854.53357
24,1.4955121664955557,4847,True,21,86,419489683490.12274
24,1.4955121664955557,5177,True,24,61,341215092821.393
24,1.4955121664955557,5546,True,28,52,270548741480.49817
24,1.4955121664955557,5839,True,33,77,252422506850.4323
25,0.9972942257819404,0,True,0,271,3433379879062.5923
25,0.9972942257819404,1,False,0,95,268951819401.12817
25,0.9972942257819404,682,True,1,186,2345382021125.249
25,0.9972942257819404,683,False,1,129,494820376897.45325
25,0.9972942257819404,684,False,1,76,168254403275.02515
25,0.9972942257819404,1234,True,2,466,2763876677651.0117
25,0.9972942257819404,1797,True,3,349,2857102898476.7295
25,0.9972942257819404,2384,True,4,428,2763859776023.782
25,0.9972942257819404,3010,True,5,327,2551504125835.941
25,0.9972942257819404,3546,True,6,194,1311313086608.1565
25,0.9972942257819404,3547,False,6,106,905647553891.9426
25,0.9972942257819404,3887,True,7,335,1737013808241.8354
25,0.9972942257819404,3888,False,7,57,515155907730.7808
25,0.9972942257819404,4276,True,8,133,1443146793093.3623
25,0.9972942257819404,4557,True,9,125,996421235929.1925
25,0.9972942257819404,4816,True,10,91,1039473286162.379
25,0.9972942257819404,5045,True,11,113,828727572306.8739
25,0.9972942257819404,5183,True,12,59,646728033365.2363
25,0.9972942257819404,5305,True,13,77,737418052347.7018
25,0.9972942257819404,5478,True,14,100,737642900328.6073
25,0.9972942257819404,5619,True,15,69,599320546472.6061
25,0.9972942257819404,5759,True,16,68,605576064065.1538
25,0.9972942257819404,5944,True,17,83,644340171470.2983
25,0.9972942257819404,6454,True,21,69,390269164408.0684
25,0.9972942257819404,7648,True,36,59,294675504486.9809
26,0.7001063537185233,0,True,0,541,4430765634518.996
26,0.7001063537185233,1,False,0,123,556752277149.476
26,0.7001063537185233,1193,True,1,330,3596750106439.6875
26,0.7001063537185233,1194,False,1,80,177760230545.9476
26,0.7001063537185233,1824,True,2,392,3329362532638.6196
26,0.7001063537185233,2379,True,3,334,2768398200967.361
26,0.7001063537185233,3037,True,4,455,3314749611091.3037
26,0.7001063537185233,3722,True,5,295,2736583704646.3086
26,0.7001063537185233,4204,True,6,346,2198619783373.6016
26,0.7001063537185233,4205,False,6,74,403266853779.84924
26,0.7001063537185233,4610,True,7,360,2633550483637.1333
26,0.7001063537185233,5068,True,8,149,1661033444453.194
26,0.7001063537185233,5357,True,9,105,1401448337846.203
26,0.7001063537185233,5681,True,10,66,859911468916.0055
26,0.7001063537185233,5845,True,11,118,941774162367.9744
26,0.7001063537185233,6001,True,12,89,813119764642.0914
26,0.7001063537185233,6135,True,13,83,687624224706.5841
26,0.7001063537185233,6443,True,15,80,740313582785.8468
26,0.7001063537185233,6569,True,16,66,697812638277.8462
26,0.7001063537185233,6725,True,17,99,741180917956.4906
26,0.7001063537185233,7314,True,22,68,430645715220.2551
26,0.7001063537185233,7460,True,24,53,355884268618.00323
26,0.7001063537185233,8322,True,35,58,320304061580.91205
27,0.5030475232448832,0,True,0,640,7875914905363.867
27,0.5030475232448832,1,False,0,455,2525264011530.1006
27,0.5030475232448832,2,False,0,138,820948204003.3438
27,0.5030475232448832,3,False,0,87,331926803577.5994
27,0.5030475232448832,2343,True,1,404,3783798837499.769
27,0.5030475232448832,2344,False,1,82,476487463535.7533
27,0.5030475232448832,2974,True,2,342,3276063814558.988
27,0.5030475232448832,3682,True,3,417,3455284838661.6636
27,0.5030475232448832,4250,True,4,316,3280048992904.5977
27,0.5030475232448832,4924,True,5,402,2875391135203.787
27,0.5030475232448832,5329,True,6,367,2880183535265.8623
27,0.5030475232448832,5776,True,7,112,1502911172330.7578
27,0.5030475232448832,6078,True,8,66,829880713993.9631
27,0.5030475232448832,6298,True,9,76,984956524147.0979
27,0.5030475232448832,6489,True,10,123,1042281209832.7195
27,0.5030475232448832,6661,True,11,63,917877515016.2169
27,0.5030475232448832,6878,True,12,84,784319110149.7886
27,0.5030475232448832,6983,True,13,102,804518526545.1638
27,0.5030475232448832,7265,True,15,83,732182491619.6774
27,0.5030475232448832,7392,True,16,51,644840628652.5543
27,0.5030475232448832,8084,True,21,67,456366386182.58527
27,0.5030475232448832,8342,True,24,51,459482933566.1305
27,0.5030475232448832,8431,True,25,51,440361925496.1128
27,0.5030475232448832,8672,True,28,51,337815358673.623
27,0.5030475232448832,9467,True,39,60,347712500868.969
28,0.3999269646135635,0,True,0,796,10495585096655.312
28,0.3999269646135635,1,False,0,445,1935231359929.9863
28,0.3999269646135635,2,False,0,69,299111533738.9291
28,0.3999269646135635,2393,True,1,435,4224298961967.859
28,0.3999269646135635,2394,False,1,60,273710838749.42596
28,0.3999269646135635,2989,True,2,359,3727786619507.2505
28,0.3999269646135635,3710,True,3,427,3366429829347.4697
28,0.3999269646135635,4172,True,4,335,3285853011695.0967
28,0.3999269646135635,4814,True,5,432,3010590857090.441
28,0.3999269646135635,5290,True,6,381,3032052543346.0483
28,0.3999269646135635,5793,True,7,121,1543802743893.9963
28,0.3999269646135635,6083,True,8,60,989365369948.5858
28,0.3999269646135635,6392,True,9,72,992000671666.1589
28,0.3999269646135635,6595,True,10,87,880941374934.665
28,0.3999269646135635,6776,True,11,82,1076577203063.5592
28,0.3999269646135635,6970,True,12,124,1074642530133.3928
28,0.3999269646135635,7351,True,14,82,734132995740.6818
28,0.3999269646135635,7458,True,15,52,703447978828.598
28,0.3999269646135635,7605,True,16,105,814498036003.8733
28,0.3999269646135635,8482,True,23,52,460556637605.24255
28,0.3999269646135635,8567,True,24,66,466137188714.3932
28,0.3999269646135635,8699,True,26,54,461887387225.1317
28,0.3999269646135635,9437,True,36,60,355637223166.6701
28,0.3999269646135635,9464,True,37,51,331409332090.5995
29,0.2977176845174465,0,True,0,872,12167740149857.85
29,0.2977176845174465,1,False,0,395,1244220725191.7644
29,0.2977176845174465,2,False,0,99,397684471661.08215
29,0.2977176845174465,2486,True,1,449,4651519365244.471
29,0.2977176845174465,2487,False,1,61,281469925100.2812
29,0.2977176845174465,3197,True,2,375,4087463387920.451
29,0.2977176845174465,3941,True,3,345,3476259081987.9814
29,0.2977176845174465,4528,True,4,427,3534369806017.275
29,0.2977176845174465,4995,True,5,377,3151159211850.17
29,0.2977176845174465,5535,True,6,432,2964410428334.6484
29,0.2977176845174465,5980,True,7,124,1568411963849.7358
29,0.2977176845174465,6248,True,8,64,1065318691133.6605
29,0.2977176845174465,6551,True,9,85,1035620503896.731
29,0.2977176845174465,6777,True,10,103,1293707675621.1577
29,0.2977176845174465,6970,True,11,89,1129325040773.0347
29,0.2977176845174465,7165,True,12,129,1093021697614.9432
29,0.2977176845174465,7332,True,13,51,853261016633.8694
29,0.2977176845174465,7558,True,14,55,814004621166.2963
29,0.2977176845174465,7689,True,15,84,757263548668.8981
29,0.2977176845174465,7774,True,16,106,830225845221.9829
29,0.2977176845174465,8557,True,22,65,504347824166.53973
29,0.2977176845174465,8635,True,23,56,483643668843.3438
29,0.2977176845174465,8785,True,25,57,475303448209.5921
29,0.2977176845174465,9769,True,38,60,366354319637.6608
29,0.2977176845174465,9798,True,39,52,352500788201.75195
30,0.19728418237600986,0,True,0,1166,14066647433967.01
30,0.19728418237600986,1,False,0,223,573274688202.3865
30,0.19728418237600986,2455,True,1,508,4940321751454.964
30,0.19728418237600986,3252,True,2,387,4237265439668.0234
30,0.19728418237600986,4042,True,3,352,3946524098781.799
30,0.19728418237600986,4742,True,4,438,3701878227805.1616
30,0.19728418237600986,5212,True,5,374,3251226986023.2285
30,0.19728418237600986,5779,True,6,439,3018282674964.924
30,0.19728418237600986,6188,True,7,131,1627554137850.068
30,0.19728418237600986,6406,True,8,88,1520872193554.6587
30,0.19728418237600986,6713,True,9,93,1201489805875.9321
30,0.19728418237600986,6924,True,10,128,1275284563908.8115
30,0.19728418237600986,6925,False,10,51,286254522244.45245
30,0.19728418237600986,7179,True,11,107,1343514517515.242
30,0.19728418237600986,7418,True,12,89,1158146709621.8591
30,0.19728418237600986,7612,True,13,51,901303103290.1978
30,0.19728418237600986,8065,True,15,58,901941759444.4309
30,0.19728418237600986,8239,True,16,81,794706117840.9935
30,0.19728418237600986,8323,True,17,103,863645827113.5344
30,0.19728418237600986,8856,True,21,64,542649108679.3921
30,0.19728418237600986,9090,True,24,58,500855947980.992
30,0.19728418237600986,9169,True,25,55,505158651563.4807
30,0.19728418237600986,10153,True,38,60,376430985283.5593
31,0.09940180263022191,0,True,0,1373,15422349940232.24
31,0.09940180263022191,2571,True,1,507,4997776917702.795
31,0.09940180263022191,3374,True,2,359,4082525859219.2344
31,0.09940180263022191,3375,False,2,60,379855733839.62854
31,0.09940180263022191,4112,True,3,391,4245001877838.3916
31,0.09940180263022191,4907,True,4,443,3866830898200.9673
31,0.09940180263022191,5394,True,5,378,3410242227450.9395
31,0.09940180263022191,5977,True,6,443,3077445581627.9907
31,0.09940180263022191,6344,True,7,140,1744782697536.4836
31,0.09940180263022191,6601,True,8,90,1657972559761.9905
31,0.09940180263022191,6944,True,9,134,1505490022613.3855
31,0.09940180263022191,7207,True,10,100,1406056735526.51
31,0.09940180263022191,7426,True,11,111,1314581523281.7346
31,0.09940180263022191,7658,True,12,85,1166540733768.9573
31,0.09940180263022191,7848,True,13,55,986442064503.0276
31,0.09940180263022191,8296,True,15,58,1013448160554.8939
31,0.09940180263022191,8923,True,18,82,832502607087.2678
31,0.09940180263022191,9005,True,19,103,893175223433.202
31,0.09940180263022191,9312,True,21,63,619725881026.3901
31,0.09940180263022191,9643,True,24,57,547063137646.56366
31,0.09940180263022191,9963,True,28,55,521716668711.08746
32,2.220446049250313e-16,0,True,0,1374,15092902520861.023
32,2.220446049250313e-16,2588,True,1,509,5126574528550.066
32,2.220446049250313e-16,3343,True,2,368,4323805827471.939
32,2.220446049250313e-16,3344,False,2,56,329112513627.6693
32,2.220446049250313e-16,4054,True,3,402,4328801047060.7646
32,2.220446049250313e-16,4763,True,4,449,3977486077025.4116
32,2.220446049250313e-16,5227,True,5,382,3687040852648.242
32,2.220446049250313e-16,5884,True,6,445,3157852706942.983
32,2.220446049250313e-16,6246,True,7,56,1187525343426.6426
32,2.220446049250313e-16,6247,False,7,60,793939854401.18
32,2.220446049250313e-16,6683,True,8,147,1912517375774.2117
32,2.220446049250313e-16,6956,True,9,100,1726326796667.3127
32,2.220446049250313e-16,7342,True,10,108,1514193233861.2625
32,2.220446049250313e-16,7562,True,11,173,1829939180102.8743
32,2.220446049250313e-16,7824,True,12,115,1330392770199.5989
32,2.220446049250313e-16,8085,True,13,89,1218409348829.971
32,2.220446049250313e-16,8926,True,17,86,861951551661.3245
32,2.220446049250313e-16,9031,True,18,104,925683418874.497
32,2.220446049250313e-16,9346,True,20,62,668121324369.3232
32,2.220446049250313e-16,9677,True,23,57,612139980015.8765
32,2.220446049250313e-16,9863,True,25,55,544142818155.14923
